,std,level
GO:0003674,959774.4390757757,0.0
GO:0003824,960395.6344488967,1.0
GO:0005215,362.38363217512364,1.0
GO:0016209,9634.695465410832,1.0
GO:0060089,10.290028624396975,1.0
GO:0004133,418.60564167145054,2.0
GO:0004362,203.26214115119905,2.0
GO:0004601,594.6920206062176,2.0
GO:0004690,10.674154812086107,2.0
GO:0004784,42405.95477052722,2.0
GO:0004791,229.53597120611522,2.0
GO:0008565,129.02644477636258,2.0
GO:0009975,978.3574830181254,2.0
GO:0016491,67225.41181574579,2.0
GO:0016685,150833.58982104275,2.0
GO:0016740,98918.42357599181,2.0
GO:0016787,144062.80737849587,2.0
GO:0016829,1181971.0407666275,2.0
GO:0016853,1825337.6632268883,2.0
GO:0016874,405.48216626206056,2.0
GO:0022857,372.7572042175316,2.0
GO:0032542,0.011790474121086057,2.0
GO:0045174,21931.4033526707,2.0
GO:0051920,143.95655646483573,2.0
GO:0061783,12.49359537256323,2.0
GO:0097472,1.1755388835196676,2.0
GO:0140096,2514.088956424206,2.0
GO:0140097,2086.078290578345,2.0
GO:0140098,2857.533411105912,2.0
GO:0003755,3256.143507444504,3.0
GO:0003756,0.00950445481515554,3.0
GO:0003906,4054.829621164425,3.0
GO:0003913,0.08448472051205472,3.0
GO:0003916,1.9390787286207527,3.0
GO:0004016,1599.5610059666815,3.0
GO:0004096,506973.296579386,3.0
GO:0004130,482.39438143759185,3.0
GO:0004134,198.69350389278523,3.0
GO:0004135,855.5831228586226,3.0
GO:0004325,1.1793426167696468,3.0
GO:0004383,88.40055948163828,3.0
GO:0004447,29.272353282007696,3.0
GO:0004497,1126.874666305164,3.0
GO:0004536,361.3581081080481,3.0
GO:0004540,5792.180522600027,3.0
GO:0004597,0.006289342837954799,3.0
GO:0004598,141.99727344800206,3.0
GO:0004602,218.1769706089384,3.0
GO:0004653,0.9341626799672946,3.0
GO:0004672,11.528489158044321,3.0
GO:0004691,10.674154812086107,3.0
GO:0004693,1.1755388835196676,3.0
GO:0004721,279.3420970126552,3.0
GO:0004742,1.1570956923370685,3.0
GO:0008173,0.2791395556029021,3.0
GO:0008233,4905.092404909429,3.0
GO:0008276,65.82933892363486,3.0
GO:0008318,14.94775811402094,3.0
GO:0008320,129.02644477636258,3.0
GO:0008476,0.02655560204551951,3.0
GO:0008568,3.9163049833002312,3.0
GO:0008745,9.899494936611665,3.0
GO:0008770,0.14566399692442877,3.0
GO:0009008,0.17442134127491132,3.0
GO:0009055,384.31322196392995,3.0
GO:0015002,447.4393746540429,3.0
GO:0015075,75.0769349910281,3.0
GO:0015144,0.10242883708539635,3.0
GO:0015238,2.9084843112015832,3.0
GO:0015318,416.359764807521,3.0
GO:0016229,13.818275642290656,3.0
GO:0016614,30196.071411628196,3.0
GO:0016627,984.2540139418933,3.0
GO:0016638,5710.326217777836,3.0
GO:0016645,333.6245315304246,3.0
GO:0016651,875.0874612278252,3.0
GO:0016661,393.3530839621351,3.0
GO:0016667,157489.95372976278,3.0
GO:0016679,10134.953714160223,3.0
GO:0016684,487.818115272978,3.0
GO:0016688,1034.40832411365,3.0
GO:0016689,110.43881179604325,3.0
GO:0016690,107.67028475855949,3.0
GO:0016691,13457.109120475754,3.0
GO:0016692,34.84930542779261,3.0
GO:0016695,1527.8134034644263,3.0
GO:0016701,9610.968773757722,3.0
GO:0016705,1042.6924506506364,3.0
GO:0016721,42405.95477052722,3.0
GO:0016722,4.4321955049376,3.0
GO:0016725,150.68985157654453,3.0
GO:0016730,1199.7788052611554,3.0
GO:0016741,369.4626029079379,3.0
GO:0016744,34900.28259449277,3.0
GO:0016746,179025.50024300782,3.0
GO:0016755,36.606941052577625,3.0
GO:0016757,1324.8895376782566,3.0
GO:0016765,752.0823203279673,3.0
GO:0016769,264.38004652257,3.0
GO:0016772,618.8028558871467,3.0
GO:0016782,517.249285307309,3.0
GO:0016785,0.014731155572459345,3.0
GO:0016788,4932.8831345838935,3.0
GO:0016798,181172.10372244197,3.0
GO:0016801,678.2787693493611,3.0
GO:0016810,1665.459351834033,3.0
GO:0016817,46825.4477996457,3.0
GO:0016822,103.86344960523223,3.0
GO:0016824,20.369127510212742,3.0
GO:0016827,30.43231073404494,3.0
GO:0016830,414.1226945987508,3.0
GO:0016835,1627615.9580593414,3.0
GO:0016840,250.8393718744116,3.0
GO:0016846,952.9812334087543,3.0
GO:0016848,1.7444922444074438,3.0
GO:0016849,1167.13870441205,3.0
GO:0016854,5947.293167535478,3.0
GO:0016859,2077.654733771571,3.0
GO:0016860,2462692.7120627174,3.0
GO:0016866,45341.10241080486,3.0
GO:0016872,137516.92853674892,3.0
GO:0016875,48.266064485750064,3.0
GO:0016877,875.3538889659255,3.0
GO:0016879,139.3008435006766,3.0
GO:0016903,4341.384871407839,3.0
GO:0017171,65.4012293998682,3.0
GO:0018836,1.94713134582433,3.0
GO:0019104,0.02116137719083961,3.0
GO:0019213,482.3325436556015,3.0
GO:0019239,304.0251049628477,3.0
GO:0022804,58.804943982544565,3.0
GO:0030597,12.147159593306394,3.0
GO:0030611,0.10969655114602889,3.0
GO:0030613,1720.726132312897,3.0
GO:0031543,14.28954556140438,3.0
GO:0033558,0.41734541671994296,3.0
GO:0033797,270.1147904132612,3.0
GO:0033821,3.6254813887261923,3.0
GO:0034061,26.02782770212608,3.0
GO:0034072,0.47816032190813723,3.0
GO:0042887,7.844032850411409,3.0
GO:0042910,2.829960166676122,3.0
GO:0046508,0.06952980979407322,3.0
GO:0046992,23.924175901027407,3.0
GO:0047768,213.84496720755436,3.0
GO:0047805,4.517004907384243,3.0
GO:0050265,0.006425584305419944,3.0
GO:0051184,0.7707463914933367,3.0
GO:0051213,9594.518096146221,3.0
GO:0052750,98.00958845453671,3.0
GO:0061599,1.590990257669732,3.0
GO:0097747,2.9916744392659633,3.0
GO:0101005,6.568304631943656,3.0
GO:0140101,45.343372487055134,3.0
GO:0140102,8.508976198259319,3.0
GO:0140103,1197.2450657021466,3.0
GO:0000034,63.45233021525257,4.0
GO:0000048,5.0598191904237275,4.0
GO:0000104,49.66102205157541,4.0
GO:0000215,1.8545239820803372,4.0
GO:0000286,817.4514445041681,4.0
GO:0000702,0.02198721364907787,4.0
GO:0003810,48.384741257342256,4.0
GO:0003849,25.073200978943394,4.0
GO:0003866,20.82561235971487,4.0
GO:0003886,0.03588653406736879,4.0
GO:0003887,28.191607673749658,4.0
GO:0003904,0.08448472051205472,4.0
GO:0003905,0.006822254231557191,4.0
GO:0003954,244.97142690526175,4.0
GO:0003959,3.5572798596680584,4.0
GO:0003962,44.548163943826125,4.0
GO:0003964,7.918063462000051,4.0
GO:0003984,26.58269897548833,4.0
GO:0003995,2885.2155667922734,4.0
GO:0004000,53.160317661112686,4.0
GO:0004045,3.3335653853255587,4.0
GO:0004091,4874.794645494043,4.0
GO:0004099,28.777738741235794,4.0
GO:0004106,93123.71635942115,4.0
GO:0004121,21.843761196868236,4.0
GO:0004123,2.0836934554246365,4.0
GO:0004124,586.2551948745562,4.0
GO:0004125,0.014731155572459345,4.0
GO:0004129,447.4393746540429,4.0
GO:0004131,354.2366713506768,4.0
GO:0004132,513.1696433511465,4.0
GO:0004156,0.030827034573667,4.0
GO:0004174,63.99557664905569,4.0
GO:0004342,289.87521908843956,4.0
GO:0004344,44304.82061817797,4.0
GO:0004364,759.3423593549705,4.0
GO:0004380,2.7888950277887155,4.0
GO:0004407,0.41734541671994296,4.0
GO:0004457,1957.4136504764822,4.0
GO:0004462,1140.895556400202,4.0
GO:0004464,23.99210397587605,4.0
GO:0004478,1.8852487410932355,4.0
GO:0004479,15.809806130716828,4.0
GO:0004493,2778.9296500631317,4.0
GO:0004494,96.85066060382536,4.0
GO:0004512,4.228133589185658,4.0
GO:0004518,10993.068208576724,4.0
GO:0004520,392.5703069149194,4.0
GO:0004521,434.09651208324317,4.0
GO:0004529,196.10111264588068,4.0
GO:0004532,19044.47996140716,4.0
GO:0004549,1.1880971393783444,4.0
GO:0004553,183467.08107998935,4.0
GO:0004659,4.918008121402234,4.0
GO:0004660,16.592617101937485,4.0
GO:0004661,0.07396662954139716,4.0
GO:0004666,12.362948677398933,4.0
GO:0004667,3.6541011532379937,4.0
GO:0004674,15.122815385780143,4.0
GO:0004712,6.0921469486909485,4.0
GO:0004713,10.261115385394561,4.0
GO:0004725,382.53851723261,4.0
GO:0004738,80.01033493903552,4.0
GO:0004740,0.7075466058686102,4.0
GO:0004746,0.7895197016963329,4.0
GO:0004766,6.170554328848805,4.0
GO:0004796,15.420862492091679,4.0
GO:0004801,7.481745844328106,4.0
GO:0004802,72474.12524029567,4.0
GO:0004812,48.266064485750064,4.0
GO:0008111,171.93221497995626,4.0
GO:0008116,17.005918087536468,4.0
GO:0008121,200.08433679772676,4.0
GO:0008146,36.89955793706239,4.0
GO:0008168,131.70182279616432,4.0
GO:0008174,0.02368131462019423,4.0
GO:0008175,0.21259820221096257,4.0
GO:0008194,567.5991953758262,4.0
GO:0008236,65.4012293998682,4.0
GO:0008373,28.460714037092277,4.0
GO:0008395,0.9008396700725777,4.0
GO:0008410,385.72300476622127,4.0
GO:0008448,425.12286577827655,4.0
GO:0008479,1.5470785044102229,4.0
GO:0008483,262.4811061904505,4.0
GO:0008484,203.73884135727,4.0
GO:0008559,2.829960166676122,4.0
GO:0008649,0.35284044750284754,4.0
GO:0008660,243.08188597770132,4.0
GO:0008661,5.713252933020441,4.0
GO:0008676,12.377754097534753,4.0
GO:0008685,0.4725815626252609,4.0
GO:0008760,2.373903423161945,4.0
GO:0008767,18.709145651087287,4.0
GO:0008777,1658.563635599591,4.0
GO:0008794,0.10969655114602889,4.0
GO:0008817,64.1956482724228,4.0
GO:0008829,12.571974122361743,4.0
GO:0008883,0.014142135623730944,4.0
GO:0008892,320.9488679421277,4.0
GO:0008914,0.37933249542379627,4.0
GO:0008940,502.471533095586,4.0
GO:0009000,32.27942456116589,4.0
GO:0009007,0.19386350181137854,4.0
GO:0009034,10.989350834807473,4.0
GO:0009824,0.023050876257747772,4.0
GO:0009905,0.27937028792943924,4.0
GO:0009982,0.27199306179876476,4.0
GO:0015036,8110.070374656604,4.0
GO:0015157,0.10242883708539635,4.0
GO:0015399,3.051694127423075,4.0
GO:0015420,0.7707463914933367,4.0
GO:0015450,129.02644477636258,4.0
GO:0015930,32.787736928868185,4.0
GO:0016034,146.49609046303038,4.0
GO:0016279,0.4673865398772198,4.0
GO:0016298,9475.018506715962,4.0
GO:0016301,576.108828446741,4.0
GO:0016405,978.2151163457958,4.0
GO:0016603,35.452195321863336,4.0
GO:0016615,14419.363696583303,4.0
GO:0016616,30951.574592222812,4.0
GO:0016620,4769.9768562739055,4.0
GO:0016622,94.15603623772616,4.0
GO:0016623,221.6896641170802,4.0
GO:0016624,71.49166978983027,4.0
GO:0016625,2124.1220805192174,4.0
GO:0016628,547.3329811930353,4.0
GO:0016632,63.760986950031636,4.0
GO:0016634,149.45211168156746,4.0
GO:0016635,39.58753856389501,4.0
GO:0016639,9431.296322940341,4.0
GO:0016641,2985.1001168108555,4.0
GO:0016642,2.5371376917043085,4.0
GO:0016643,94.27854713560238,4.0
GO:0016646,386.22422666284257,4.0
GO:0016647,104.45629580187519,4.0
GO:0016652,63.49597716401894,4.0
GO:0016653,298.5390689452614,4.0
GO:0016655,1659.9431370132781,4.0
GO:0016657,0.09563197562481267,4.0
GO:0016662,357.54128300220117,4.0
GO:0016663,68.71887822517671,4.0
GO:0016664,242.9116003574866,4.0
GO:0016668,236.4267086018078,4.0
GO:0016669,35357.90720750501,4.0
GO:0016670,283112.78133127606,4.0
GO:0016671,11.63804293527562,4.0
GO:0016672,21614.46301322257,4.0
GO:0016673,75.57612592611505,4.0
GO:0016682,10443.900715131214,4.0
GO:0016696,107.20722405178155,4.0
GO:0016697,161.40711976378105,4.0
GO:0016699,238.40018516963588,4.0
GO:0016702,10604.807617518132,4.0
GO:0016703,730.9652231697293,4.0
GO:0016706,4.118559021125148,4.0
GO:0016708,450.8809421494225,4.0
GO:0016709,1464.7118724455916,4.0
GO:0016712,90.91303128059651,4.0
GO:0016713,15.105642953652994,4.0
GO:0016714,7.090967296701432,4.0
GO:0016715,28.010583331732057,4.0
GO:0016716,897.7564077371543,4.0
GO:0016717,0.2639736927975979,4.0
GO:0016723,4.541662335069558,4.0
GO:0016724,4.154510393436918,4.0
GO:0016726,187.25579582183468,4.0
GO:0016727,24.56689262911149,4.0
GO:0016728,3.733561923935758,4.0
GO:0016731,1205.3471573353663,4.0
GO:0016732,282.63058044026303,4.0
GO:0016742,63.56453246433631,4.0
GO:0016743,1194.9782841322492,4.0
GO:0016747,187247.79619242696,4.0
GO:0016758,843.5992499462096,4.0
GO:0016763,1595.0018108140812,4.0
GO:0016768,15.895563528518474,4.0
GO:0016773,682.8276416896753,4.0
GO:0016774,803.4161797046908,4.0
GO:0016775,98.46408741479506,4.0
GO:0016776,294.36585848559605,4.0
GO:0016778,64.38965949793348,4.0
GO:0016779,90.76384064558647,4.0
GO:0016780,0.8533017861051593,4.0
GO:0016781,454.5467266937983,4.0
GO:0016783,849.7834060818873,4.0
GO:0016790,472.26054641963873,4.0
GO:0016799,649.3752669314017,4.0
GO:0016802,1488.7782739394502,4.0
GO:0016803,35.60092687504166,4.0
GO:0016811,1173.8594084075958,4.0
GO:0016812,671.9491100921599,4.0
GO:0016813,223.39529043453638,4.0
GO:0016814,271.77103796341515,4.0
GO:0016815,6573.267727245628,4.0
GO:0016818,46825.4477996457,4.0
GO:0016823,103.86344960523223,4.0
GO:0016831,351.83966896951205,4.0
GO:0016832,512.4272497904714,4.0
GO:0016833,82.90334442487706,4.0
GO:0016836,1847707.7127921213,4.0
GO:0016837,729.6829889615997,4.0
GO:0016838,1951.7854148330719,4.0
GO:0016841,125.65053499348664,4.0
GO:0016842,533.8917253400836,4.0
GO:0016843,76.25350021440666,4.0
GO:0016847,4.661280784573225,4.0
GO:0016855,24.831325573271485,4.0
GO:0016856,422.65722152321916,4.0
GO:0016857,7911.881643851584,4.0
GO:0016861,2756625.966788493,4.0
GO:0016862,139.89944898635548,4.0
GO:0016863,23893.914302846744,4.0
GO:0016864,0.00950445481515554,4.0
GO:0016868,375.92328337796164,4.0
GO:0016869,2488.9108357945024,4.0
GO:0016878,875.3538889659255,4.0
GO:0016881,139.3008435006766,4.0
GO:0016898,184.83754985257173,4.0
GO:0016899,370.33576489205603,4.0
GO:0016901,1183.950943954701,4.0
GO:0018523,34.43036414271565,4.0
GO:0018535,0.09121677477306463,4.0
GO:0018695,56.69873602353642,4.0
GO:0018805,0.1697056274847714,4.0
GO:0018826,16.433608322090638,4.0
GO:0018833,0.052820876554635104,4.0
GO:0018834,1.7124521131990815,4.0
GO:0018845,19.79898987322333,4.0
GO:0018849,157138.14455053688,4.0
GO:0018850,39226.47524581278,4.0
GO:0018852,39.21775108289612,4.0
GO:0019120,20.369127510212742,4.0
GO:0019139,78.31585232675864,4.0
GO:0019148,6063.557190296798,4.0
GO:0019154,2.4678026663410506,4.0
GO:0019798,14.28954556140438,4.0
GO:0022853,74.3257245171549,4.0
GO:0022890,417.4464090370635,4.0
GO:0030598,12.147159593306394,4.0
GO:0031320,523.2182599408585,4.0
GO:0032296,2.12298490413066,4.0
GO:0033220,7.844032850411409,4.0
GO:0033718,34.27377426385684,4.0
GO:0033720,116.04254456389656,4.0
GO:0033727,1.7170198200661517,4.0
GO:0033735,28.42182582222302,4.0
GO:0033737,5.232590180780452,4.0
GO:0033748,210.48592762598508,4.0
GO:0033757,55.88039949408958,4.0
GO:0033764,13.86867763915209,4.0
GO:0033765,0.8504900548115382,4.0
GO:0033846,0.55315660910035,4.0
GO:0033847,3307.627799609099,4.0
GO:0033850,296.9173365802421,4.0
GO:0033926,34.97439226470868,4.0
GO:0033978,11.313708498984761,4.0
GO:0034023,6.158636104690713,4.0
GO:0034038,0.008391265299901638,4.0
GO:0034062,2.9916744392659633,4.0
GO:0035595,0.5757767409583089,4.0
GO:0036348,1.673086737371745,4.0
GO:0036459,6.568304631943656,4.0
GO:0042578,500.43160855383155,4.0
GO:0043768,0.2144908700465671,4.0
GO:0044318,5.733214286692203,4.0
GO:0044687,2.142533546995239e-06,4.0
GO:0045289,4.176674243219788,4.0
GO:0045430,170354.85986769036,4.0
GO:0046507,0.06952980979407322,4.0
GO:0046525,1428.9576275783827,4.0
GO:0046589,154.71613798065266,4.0
GO:0046857,542.4884422273643,4.0
GO:0046912,55.23787648305828,4.0
GO:0046993,23.924175901027407,4.0
GO:0046995,2847.1324389638075,4.0
GO:0046997,11.56096347834466,4.0
GO:0047061,140.85567081236027,4.0
GO:0047206,12.361288740796136,4.0
GO:0047296,3.9317680501270673,4.0
GO:0047323,0.2975505335232992,4.0
GO:0047374,20.78935073183894,4.0
GO:0047375,0.0004242640687119285,4.0
GO:0047400,0.9464847243000456,4.0
GO:0047444,0.5108386661727389,4.0
GO:0047469,36.88937177562123,4.0
GO:0047470,162.46671587609268,4.0
GO:0047471,63.24432998083918,4.0
GO:0047472,810.7132926010279,4.0
GO:0047545,433.3998883248587,4.0
GO:0047548,11.91178687966951,4.0
GO:0047645,4.829121728292493,4.0
GO:0047653,38.890872965260115,4.0
GO:0047654,6.327459751510838,4.0
GO:0047696,0.0020526405757787538,4.0
GO:0047711,337.0581057720859,4.0
GO:0047727,17.951983177353974,4.0
GO:0047735,21.146788910262956,4.0
GO:0047739,486.9564320005093,4.0
GO:0047770,361.893461885835,4.0
GO:0047904,73.9774740489743,4.0
GO:0047974,0.8075159441150374,4.0
GO:0047982,0.00031643851430148844,4.0
GO:0050006,3867.465352236654,4.0
GO:0050017,750.5063322612846,4.0
GO:0050076,35.69393608666171,4.0
GO:0050077,43.90080592780856,4.0
GO:0050097,5.597643756596987,4.0
GO:0050113,4.975910419209735,4.0
GO:0050194,4.690174985811591,4.0
GO:0050196,1.3435028842544405,4.0
GO:0050212,2.034511758441837,4.0
GO:0050220,27.024680078279065,4.0
GO:0050228,0.028284271247461926,4.0
GO:0050254,0.14142135623730948,4.0
GO:0050270,571.8852026412294,4.0
GO:0050332,131.394845816504,4.0
GO:0050334,1.9704873627650257,4.0
GO:0050347,9.588515226418151,4.0
GO:0050364,9.69138967419197,4.0
GO:0050371,2.1803974283148473,4.0
GO:0050439,0.7353910524340094,4.0
GO:0050462,7.899986889681707,4.0
GO:0050486,10.871211461820575,4.0
GO:0050497,6.684209537623515,4.0
GO:0050498,0.2485991320592372,4.0
GO:0050499,1.8931196242543713,4.0
GO:0050559,0.6983022268330527,4.0
GO:0050612,4340.824496262853,4.0
GO:0050664,1.1313708498984765,4.0
GO:0051007,0.47816032190813723,4.0
GO:0051998,112.90105838373114,4.0
GO:0052381,0.3203231328077395,4.0
GO:0052689,2457.6222285927906,4.0
GO:0052691,2.3835574673164484,4.0
GO:0052738,377.89537793768613,4.0
GO:0052749,4.387878811626845,4.0
GO:0052877,22.111741199911055,4.0
GO:0052882,10163.245765994248,4.0
GO:0052890,11.220414387598577,4.0
GO:0052927,1.3985410845589326,4.0
GO:0061505,1.9237702123864375,4.0
GO:0061798,0.00037585458180879836,4.0
GO:0061799,0.004939981781342923,4.0
GO:0070011,4905.092404909429,4.0
GO:0070204,0.10644247272588138,4.0
GO:0070818,106.8498048018863,4.0
GO:0071771,0.0032953338222401684,4.0
GO:0098809,426.92225380847873,4.0
GO:0102059,0.06608760419754546,4.0
GO:0000016,12.243161356447114,5.0
GO:0000030,23.472789529640284,5.0
GO:0000253,0.34121232305146004,5.0
GO:0000257,6770.341430401858,5.0
GO:0000334,12.493568701135796,5.0
GO:0000721,50.17855542135678,5.0
GO:0000908,1.3012344566261342,5.0
GO:0001716,195.69673135252745,5.0
GO:0001727,0.02559726547895302,5.0
GO:0001758,3.323427578216059,5.0
GO:0001760,3.6446878487946694,5.0
GO:0003835,30.627838115368384,5.0
GO:0003836,28.196228852407806,5.0
GO:0003837,8.91756623328281,5.0
GO:0003839,10.90968674489762,5.0
GO:0003844,577.2873394662316,5.0
GO:0003847,10.459105681972368,5.0
GO:0003852,74.39746825464543,5.0
GO:0003853,2885.2155667922734,5.0
GO:0003854,9.510437701105955,5.0
GO:0003855,80.18595420987114,5.0
GO:0003856,7214.948036872666,5.0
GO:0003857,7653.300839235208,5.0
GO:0003858,319.2439453928657,5.0
GO:0003862,22.49689961552463,5.0
GO:0003863,2.68146638962295,5.0
GO:0003864,0.002121320343559566,5.0
GO:0003865,0.8504900548115382,5.0
GO:0003867,4.666680140525738,5.0
GO:0003868,2.6871860965789214,5.0
GO:0003874,0.00998331942124796,5.0
GO:0003879,1.4238645130472043,5.0
GO:0003880,0.37634204300520735,5.0
GO:0003884,792.0344096406498,5.0
GO:0003885,5.244362052083487,5.0
GO:0003899,2.011460036906799,5.0
GO:0003918,1.9237702123864375,5.0
GO:0003938,4.6391919227416505,5.0
GO:0003939,209.05161795253207,5.0
GO:0003941,217.9164802333293,5.0
GO:0003948,11.313602432967583,5.0
GO:0003950,6.191898292984686,5.0
GO:0003951,104.86939875463541,5.0
GO:0003953,1675.0878284005364,5.0
GO:0003955,1532.110336799769,5.0
GO:0003956,3.1112698372208087,5.0
GO:0003958,51.24023990884013,5.0
GO:0003960,20.64534791032024,5.0
GO:0003968,3.663482331720239,5.0
GO:0003973,11.004838120964227,5.0
GO:0003974,23139.83215314058,5.0
GO:0003976,0.42527268507002264,5.0
GO:0003978,198.46111986852802,5.0
GO:0003979,27.12655462867906,5.0
GO:0003987,1336.498378314651,5.0
GO:0003991,32.27998764003505,5.0
GO:0003992,0.5161879502661798,5.0
GO:0003994,1.9771612647092462,5.0
GO:0003997,16.948594993182443,5.0
GO:0003998,2815.254515258719,5.0
GO:0004001,6.779012898456609,5.0
GO:0004013,1488.7782739394502,5.0
GO:0004014,1.676202762618609,5.0
GO:0004015,0.4889082377509214,5.0
GO:0004018,2.434275754732355,5.0
GO:0004020,87.08522633701091,5.0
GO:0004022,381.6203063196643,5.0
GO:0004027,0.4345500702235076,5.0
GO:0004029,22.476083335785336,5.0
GO:0004030,17.708590925220832,5.0
GO:0004031,234.18948574431315,5.0
GO:0004033,1710.2195989143052,5.0
GO:0004034,5869.66779298454,5.0
GO:0004038,180.49744319518766,5.0
GO:0004039,8.604020378094571,5.0
GO:0004040,901.0057187856312,5.0
GO:0004043,38.749451609022806,5.0
GO:0004046,2465.221053606507,5.0
GO:0004047,5.36897747412364,5.0
GO:0004048,2.789467007323484,5.0
GO:0004049,89.26457799365286,5.0
GO:0004051,79.90306627407988,5.0
GO:0004052,18.455117183674503,5.0
GO:0004053,318.3407678327211,5.0
GO:0004054,96.37708079612561,5.0
GO:0004056,1261.1408450224458,5.0
GO:0004058,2.867122790313809,5.0
GO:0004061,56.49689194991172,5.0
GO:0004062,49.23105887846661,5.0
GO:0004064,778.8710159833375,5.0
GO:0004065,228.14768289473895,5.0
GO:0004067,861.7892834451527,5.0
GO:0004068,3.0434629399200293,5.0
GO:0004069,174.31970332103177,5.0
GO:0004070,133.55240745008788,5.0
GO:0004072,31.240779042656577,5.0
GO:0004073,96.62972449933915,5.0
GO:0004074,22.931989407070812,5.0
GO:0004076,6.949905888043386,5.0
GO:0004082,9.055140011004273,5.0
GO:0004084,291.4986586075146,5.0
GO:0004085,11.220414387598577,5.0
GO:0004089,3260966.644770592,5.0
GO:0004090,96.73705987428272,5.0
GO:0004097,658.1116553195753,5.0
GO:0004098,9.05059370059961,5.0
GO:0004103,32.95979271257958,5.0
GO:0004104,532.4029569856763,5.0
GO:0004107,0.4128491926034655,5.0
GO:0004109,2.920385347139928,5.0
GO:0004111,102.19831370511353,5.0
GO:0004122,10.275036353307199,5.0
GO:0004128,299.9995610405744,5.0
GO:0004139,145.43511757596008,5.0
GO:0004140,0.019657394101384416,5.0
GO:0004143,6.074067629351362,5.0
GO:0004146,41.09797744558412,5.0
GO:0004148,274.48795304420327,5.0
GO:0004150,0.02904554145178613,5.0
GO:0004151,71.13737340336067,5.0
GO:0004152,26.7184034040669,5.0
GO:0004155,94.1123237538684,5.0
GO:0004157,103.01022327321046,5.0
GO:0004159,0.1845715759987617,5.0
GO:0004160,22.814964302022567,5.0
GO:0004161,0.5914052474121841,5.0
GO:0004163,2.2694553442678624,5.0
GO:0004165,117.799244254088,5.0
GO:0004300,1191.4805852556508,5.0
GO:0004301,8.492439814842365,5.0
GO:0004303,1.5892444885129835,5.0
GO:0004304,0.29334148467840915,5.0
GO:0004305,6.45023220320013,5.0
GO:0004311,2.127450959859673,5.0
GO:0004312,19.300513120274505,5.0
GO:0004316,123.52577874881017,5.0
GO:0004318,24.26067626204507,5.0
GO:0004319,59.55697123016844,5.0
GO:0004322,4.154510393436918,5.0
GO:0004324,127.16540606508234,5.0
GO:0004332,13.671576042777334,5.0
GO:0004333,330.3660467668414,5.0
GO:0004335,26.371496567934738,5.0
GO:0004337,18.71340125863459,5.0
GO:0004341,523.4879177211257,5.0
GO:0004345,1281.5682016908447,5.0
GO:0004347,707.8867195001618,5.0
GO:0004348,214.94479631366335,5.0
GO:0004351,26.805638711794437,5.0
GO:0004353,123.44232025133138,5.0
GO:0004359,1411.6985439195173,5.0
GO:0004367,5690.2478845864525,5.0
GO:0004369,5.442119685073701,5.0
GO:0004370,1385.8421025980317,5.0
GO:0004371,9.127870781293959,5.0
GO:0004372,90.0238740371578,5.0
GO:0004375,2.5371376917043085,5.0
GO:0004396,81.04379164353728,5.0
GO:0004397,119.50104602052653,5.0
GO:0004398,0.3117156824201609,5.0
GO:0004399,10.247350861209314,5.0
GO:0004400,661.687558508431,5.0
GO:0004409,1.9781273666748254,5.0
GO:0004410,1.6408275059254953,5.0
GO:0004411,27.512151153828572,5.0
GO:0004412,25.21556809516503,5.0
GO:0004413,12.01923863176754,5.0
GO:0004416,1001.4921523303466,5.0
GO:0004419,78.96128598184472,5.0
GO:0004421,1.368972771427208,5.0
GO:0004425,2.4956579329452233,5.0
GO:0004448,47.837341722457225,5.0
GO:0004451,168.75949062361238,5.0
GO:0004452,7220.697291544491,5.0
GO:0004453,5.149800541540134,5.0
GO:0004454,2.8833285163736257,5.0
GO:0004455,9.40398521929408,5.0
GO:0004458,558.810950256697,5.0
GO:0004459,447.59333142837147,5.0
GO:0004460,106.62267807475531,5.0
GO:0004463,3.593649274087921,5.0
GO:0004470,418.19765985436726,5.0
GO:0004471,274.7519171437808,5.0
GO:0004473,430.0156526845219,5.0
GO:0004474,45.0413302670139,5.0
GO:0004476,31057.36335830655,5.0
GO:0004482,0.02368131462019423,5.0
GO:0004487,0.03535533905932725,5.0
GO:0004488,57.314072069107574,5.0
GO:0004489,46.08054724669905,5.0
GO:0004490,39.205900118803676,5.0
GO:0004491,3.4327185048199533,5.0
GO:0004496,50.97936862732831,5.0
GO:0004499,17.4418235147239,5.0
GO:0004500,36.49847683764127,5.0
GO:0004502,1.5853611575915438,5.0
GO:0004503,897.7564077371543,5.0
GO:0004504,14.315837854856364,5.0
GO:0004505,5.271097418239553,5.0
GO:0004507,1.0035748357292997,5.0
GO:0004510,12.784188137201086,5.0
GO:0004511,1.5420572027868054,5.0
GO:0004514,1.7154381762287088,5.0
GO:0004525,2.12298490413066,5.0
GO:0004526,1.1880971393783444,5.0
GO:0004527,11540.159759873965,5.0
GO:0004550,426.3397484086676,5.0
GO:0004564,848466.8548103602,5.0
GO:0004566,378.60193260517485,5.0
GO:0004568,144.86891759523147,5.0
GO:0004585,1328.6717814077037,5.0
GO:0004586,8.614052497630414,5.0
GO:0004587,3.017012503288642,5.0
GO:0004588,2.839325308005119,5.0
GO:0004589,19.563730548872545,5.0
GO:0004590,81.79507945075764,5.0
GO:0004594,0.6030844247145944,5.0
GO:0004604,1.0884657142561318,5.0
GO:0004610,0.8131727983645296,5.0
GO:0004611,69.45580228853566,5.0
GO:0004614,102.98827755762166,5.0
GO:0004615,31.699073171573314,5.0
GO:0004616,22.973357386843915,5.0
GO:0004617,870.879121276402,5.0
GO:0004618,508.8379041147004,5.0
GO:0004619,1780.034082070715,5.0
GO:0004620,374.36831548863955,5.0
GO:0004622,583.0083218388338,5.0
GO:0004623,54.96277527811643,5.0
GO:0004631,4.2199138518062975,5.0
GO:0004634,59.693355931998354,5.0
GO:0004638,27.135462651912412,5.0
GO:0004640,29.867931475545628,5.0
GO:0004644,11.32349811730844,5.0
GO:0004645,65.10656086346121,5.0
GO:0004648,0.9096493306554482,5.0
GO:0004650,1231.9200889326703,5.0
GO:0004654,50.67834300763987,5.0
GO:0004656,14.28954556140438,5.0
GO:0004662,0.07499381921900385,5.0
GO:0004664,1150.8498316763857,5.0
GO:0004665,5.688878038184097,5.0
GO:0004668,4.335600520026533,5.0
GO:0004683,4.216927791651169,5.0
GO:0004687,26.917095702757916,5.0
GO:0004688,46.864396405286136,5.0
GO:0004707,7.643634661964702,5.0
GO:0004709,0.1211904561698926,5.0
GO:0004715,10.261115385394561,5.0
GO:0004719,20.788939366884502,5.0
GO:0004729,106.8498048018863,5.0
GO:0004730,0.0011737972567696677,5.0
GO:0004731,2440.241070221992,5.0
GO:0004733,8.754271917545406,5.0
GO:0004735,1228.999782228233,5.0
GO:0004737,88.0675158604522,5.0
GO:0004739,80.01033493903552,5.0
GO:0004743,677.4789911482795,5.0
GO:0004745,0.0056568542494923775,5.0
GO:0004747,14.444420587587137,5.0
GO:0004749,83.4843792901076,5.0
GO:0004750,2840.287647752939,5.0
GO:0004751,10275.326876304074,5.0
GO:0004757,0.503958856910834,5.0
GO:0004760,12.727922061357855,5.0
GO:0004764,90.0226671048936,5.0
GO:0004765,15.613199543975604,5.0
GO:0004769,34281.83005833502,5.0
GO:0004771,16986.505591311965,5.0
GO:0004777,23.80583261863921,5.0
GO:0004782,0.2404163056034267,5.0
GO:0004783,206.5464536127406,5.0
GO:0004788,0.03247572170098765,5.0
GO:0004792,150.1789108955641,5.0
GO:0004794,151.70061524814813,5.0
GO:0004795,1229.4195728099592,5.0
GO:0004806,1334.6310955243544,5.0
GO:0004807,5613625.157573489,5.0
GO:0004813,37.14307414532735,5.0
GO:0004814,7.19071729894638,5.0
GO:0004815,13.305418857600463,5.0
GO:0004816,2.3148704067398675,5.0
GO:0004817,28.26322647133177,5.0
GO:0004818,1.147564879603952,5.0
GO:0004819,1.7707398202957454,5.0
GO:0004820,6.920718893294251,5.0
GO:0004821,33.11607380977132,5.0
GO:0004822,32.866726092903356,5.0
GO:0004823,18.768193547892732,5.0
GO:0004824,24.709650364738266,5.0
GO:0004825,8.895960119789233,5.0
GO:0004826,129.25582337698287,5.0
GO:0004827,30.921662591816137,5.0
GO:0004828,1.4804162958567584,5.0
GO:0004829,16.158644355633204,5.0
GO:0004830,49.831392084479475,5.0
GO:0004831,8.796230405307753,5.0
GO:0004832,17.208872322190356,5.0
GO:0004833,9.820044998444757,5.0
GO:0004834,14.232498780685164,5.0
GO:0004845,2.913243716203641,5.0
GO:0004846,8.143367919443932,5.0
GO:0004850,63.89168979609163,5.0
GO:0004852,466.7119868654849,5.0
GO:0004853,0.1454529706354142,5.0
GO:0004854,187.25579582183468,5.0
GO:0004855,24.56689262911149,5.0
GO:0004856,2059.427059519705,5.0
GO:0008081,317.0042926027533,5.0
GO:0008113,19.60493985768713,5.0
GO:0008115,22.95661527003346,5.0
GO:0008118,20.25148193908699,5.0
GO:0008124,2.976071235706565,5.0
GO:0008127,132.96613205146366,5.0
GO:0008131,30.48945609707182,5.0
GO:0008169,7.451519608881634,5.0
GO:0008170,4.87325262765502,5.0
GO:0008171,1.5421904765405157,5.0
GO:0008172,16.584914882370082,5.0
GO:0008177,49.66102205157541,5.0
GO:0008234,6.568304631943656,5.0
GO:0008238,5442.0875365848715,5.0
GO:0008260,507.8463951246198,5.0
GO:0008336,12.300909180490143,5.0
GO:0008374,453.22700157958843,5.0
GO:0008375,3.449338405163132,5.0
GO:0008376,1.4630516358883736,5.0
GO:0008378,13.32620940638624,5.0
GO:0008386,0.5928097221424989,5.0
GO:0008417,6.7867367364270255,5.0
GO:0008442,24.992445569861705,5.0
GO:0008443,1729.185471017185,5.0
GO:0008446,3.416243508984477,5.0
GO:0008447,2485.742046552911,5.0
GO:0008453,23.842677664318984,5.0
GO:0008460,1.3420787728818762,5.0
GO:0008477,14.387037899138244,5.0
GO:0008478,35.52712018597551,5.0
GO:0008482,392.40355503602296,5.0
GO:0008531,2.1980080938534234,5.0
GO:0008534,0.02198721364907787,5.0
GO:0008667,28.62299830749936,5.0
GO:0008670,5.846194731557076,5.0
GO:0008672,189.77931915195023,5.0
GO:0008673,10.255132048556632,5.0
GO:0008674,1.1030865786510142,5.0
GO:0008675,93.83403790987693,5.0
GO:0008677,11.056344680422535,5.0
GO:0008684,159.7050719294788,5.0
GO:0008687,2.694991198965221,5.0
GO:0008700,3.676262924616395,5.0
GO:0008701,82.73855572916281,5.0
GO:0008709,43.080971197550504,5.0
GO:0008710,0.14681481072456862,5.0
GO:0008714,34.48221763943458,5.0
GO:0008720,2901.8840515736115,5.0
GO:0008721,20.148134172575325,5.0
GO:0008726,0.3835183611423752,5.0
GO:0008728,53.26213605054407,5.0
GO:0008733,541.3681828793048,5.0
GO:0008736,89.8996974991145,5.0
GO:0008738,8.557042854723962,5.0
GO:0008740,541.8005029735488,5.0
GO:0008741,33.154578222967295,5.0
GO:0008742,10.348009233503161,5.0
GO:0008743,125.84777184509178,5.0
GO:0008746,63.49597716401894,5.0
GO:0008747,4.044676351217401,5.0
GO:0008753,3101.7261054998826,5.0
GO:0008757,160.80967605298918,5.0
GO:0008761,2.9371372324462848,5.0
GO:0008774,8.589968225351832,5.0
GO:0008776,841.4914079166945,5.0
GO:0008782,2.4573138524361053,5.0
GO:0008783,1.2155864702548589,5.0
GO:0008790,0.1086116015902537,5.0
GO:0008792,3.5606116515752366,5.0
GO:0008793,273.6391436771811,5.0
GO:0008797,64.96305553645115,5.0
GO:0008800,680.6702890939943,5.0
GO:0008801,68.43746050414983,5.0
GO:0008804,195.16147160748713,5.0
GO:0008806,3006.7063651660787,5.0
GO:0008807,0.013604734470029174,5.0
GO:0008810,399.66388423232587,5.0
GO:0008813,0.6383355215678023,5.0
GO:0008814,3.5355339059327378,5.0
GO:0008830,22.484652254371202,5.0
GO:0008831,2.8284271247461903,5.0
GO:0008834,0.7384482800338001,5.0
GO:0008836,5.51589893593316,5.0
GO:0008838,77.33636812413701,5.0
GO:0008839,0.7071067811865476,5.0
GO:0008840,89.88521040443072,5.0
GO:0008851,171.51286652276752,5.0
GO:0008860,39.3858477120907,5.0
GO:0008863,160.0385804076665,5.0
GO:0008867,8.565930349627335,5.0
GO:0008872,12.261092261707205,5.0
GO:0008876,1185.2467944808066,5.0
GO:0008879,10.587047071284799,5.0
GO:0008880,76.20830600900341,5.0
GO:0008886,124.87416738885831,5.0
GO:0008887,106.06601717798213,5.0
GO:0008888,39.2417842073698,5.0
GO:0008897,0.575305094733434,5.0
GO:0008901,238.40018516963588,5.0
GO:0008902,0.16491285577540643,5.0
GO:0008909,10.871211461820575,5.0
GO:0008923,137.10199417815434,5.0
GO:0008926,67.05810571229999,5.0
GO:0008927,1.7123606188209564,5.0
GO:0008929,121.94859182584095,5.0
GO:0008935,0.1429671384192108,5.0
GO:0008936,22.143814733366824,5.0
GO:0008939,48.27970634173787,5.0
GO:0008941,297.7542331073285,5.0
GO:0008946,3.7176284600087017,5.0
GO:0008948,413.4620643828381,5.0
GO:0008949,36.6602782919667,5.0
GO:0008953,1185.5049687656992,5.0
GO:0008963,1.8005512009437552,5.0
GO:0008966,3.1154232866498255,5.0
GO:0008970,444.6994546882197,5.0
GO:0008972,0.011808683245815339,5.0
GO:0008973,115.11698397716992,5.0
GO:0008976,310.13437074778244,5.0
GO:0008977,72.1622668633263,5.0
GO:0008980,24.43562972382746,5.0
GO:0008986,640.044758785665,5.0
GO:0008994,20.647518010647186,5.0
GO:0008998,0.008872820859230732,5.0
GO:0009013,40.150642937681326,5.0
GO:0009014,58.98193050050977,5.0
GO:0009025,7.421837149026289,5.0
GO:0009027,6.282744616030196,5.0
GO:0009028,9.617821998768743,5.0
GO:0009029,1.0012639609142606,5.0
GO:0009030,0.04375309512861157,5.0
GO:0009032,376.3198241939448,5.0
GO:0009039,1938.413138909896,5.0
GO:0009040,19.99217073072146,5.0
GO:0009045,55.53267189079266,5.0
GO:0009703,554.0883328003348,5.0
GO:0009815,2.1080094559579976,5.0
GO:0009924,0.0032953338222401684,5.0
GO:0010281,5.117488404228414,5.0
GO:0010285,8.270841351801318,5.0
GO:0010303,33.990881130091346,5.0
GO:0010309,143.32721304762748,5.0
GO:0010333,60.30677732700814,5.0
GO:0015021,39.44001966930483,5.0
GO:0015037,14478.016916822415,5.0
GO:0015042,160.66428522923786,5.0
GO:0015043,145.19022497596535,5.0
GO:0015045,5308.734644694324,5.0
GO:0015049,3.0233356302821117,5.0
GO:0015077,438.1595861221942,5.0
GO:0015405,3.051694127423075,5.0
GO:0015422,0.10242883708539635,5.0
GO:0015440,7.844032850411409,5.0
GO:0015462,129.02644477636258,5.0
GO:0015666,758.1589536096416,5.0
GO:0015922,93.02768306712683,5.0
GO:0015923,96.70867546145004,5.0
GO:0015925,184555.0580625881,5.0
GO:0015926,264116.56457747245,5.0
GO:0015927,258.20307299038757,5.0
GO:0015928,188.32768652762434,5.0
GO:0015929,7273.750994154623,5.0
GO:0016041,94.27854713560238,5.0
GO:0016152,4.8073300376517825,5.0
GO:0016154,160.19617799757032,5.0
GO:0016155,42.96227713587817,5.0
GO:0016156,180.14421123673463,5.0
GO:0016159,1909.7351631930828,5.0
GO:0016160,940.0429948309373,5.0
GO:0016162,1289.4623377029575,5.0
GO:0016163,282.63058044026303,5.0
GO:0016165,26.450370233253643,5.0
GO:0016174,1.1313708498984765,5.0
GO:0016207,0.9843680009131337,5.0
GO:0016210,0.04408011960560502,5.0
GO:0016215,0.2565790229173136,5.0
GO:0016289,41.50902527479701,5.0
GO:0016300,0.11635710549854703,5.0
GO:0016302,387803.9635145234,5.0
GO:0016307,0.005804281038406049,5.0
GO:0016403,0.41474818908691713,5.0
GO:0016404,75.55769362987907,5.0
GO:0016407,209790.88624010124,5.0
GO:0016408,753744.9045526893,5.0
GO:0016409,0.4767522521461965,5.0
GO:0016410,280.95701011960404,5.0
GO:0016417,280.70102633143864,5.0
GO:0016420,311.73284392918185,5.0
GO:0016423,0.10860094608333798,5.0
GO:0016433,0.35284044750284754,5.0
GO:0016462,49547.371289891686,5.0
GO:0016618,7.347478781489909,5.0
GO:0016621,70.31134841143503,5.0
GO:0016629,2.340076921812614,5.0
GO:0016630,0.06245231140638431,5.0
GO:0016633,63.760986950031636,5.0
GO:0016656,40.70012206506402,5.0
GO:0016710,48.242578155920356,5.0
GO:0016748,17.759907784575027,5.0
GO:0016784,1148.947008375512,5.0
GO:0016795,840.2574009116347,5.0
GO:0016844,92.27753613080112,5.0
GO:0016888,536.5666589970613,5.0
GO:0016889,0.3689490667070067,5.0
GO:0016890,0.006304493106771816,5.0
GO:0016891,3.567293711796536,5.0
GO:0016892,544.9539170321583,5.0
GO:0016895,196.10111264588068,5.0
GO:0016896,19044.47996140716,5.0
GO:0016966,190.96801211681017,5.0
GO:0016972,636161.2995500175,5.0
GO:0016977,46.774776970669244,5.0
GO:0016984,4.393212517342394,5.0
GO:0016990,5.232031595597315,5.0
GO:0016995,114.26849335974467,5.0
GO:0016997,74.36417921059338,5.0
GO:0017042,11.145643325845496,5.0
GO:0017067,0.25074795446158016,5.0
GO:0017113,0.5362256543480108,5.0
GO:0017136,0.41734541671994296,5.0
GO:0017172,1.1715634852623225,5.0
GO:0018024,0.4673865398772198,5.0
GO:0018454,94.90675730640882,5.0
GO:0018455,72.7037503568671,5.0
GO:0018456,3313.311081301632,5.0
GO:0018465,4.812497358296557,5.0
GO:0018505,87.278496105014,5.0
GO:0018506,61.78610955007066,5.0
GO:0018509,0.3958488768878009,5.0
GO:0018527,4.038695997407718,5.0
GO:0018578,181.6512417803905,5.0
GO:0018580,1191.6654589671846,5.0
GO:0018581,29.974138158307955,5.0
GO:0018582,39.68516471194602,5.0
GO:0018583,31.689066122099586,5.0
GO:0018623,161.59346521440773,5.0
GO:0018625,0.5727564927611035,5.0
GO:0018658,2.3909053873854087,5.0
GO:0018659,15.891279931023616,5.0
GO:0018662,625.5789360094908,5.0
GO:0018664,2.0108915263557186,5.0
GO:0018667,7.648754070964449,5.0
GO:0018669,15.212626882516597,5.0
GO:0018677,6986.6253869722095,5.0
GO:0018678,4.426812246602139,5.0
GO:0018683,25.652066494226982,5.0
GO:0018685,0.8681137064799056,5.0
GO:0018687,1.643287745210986,5.0
GO:0018730,71.4177848998413,5.0
GO:0018738,21.970308859532572,5.0
GO:0018753,112.40075622521408,5.0
GO:0018760,31.725436692555288,5.0
GO:0018771,3.514276959340624,5.0
GO:0018774,174.76111190674214,5.0
GO:0018775,22.18781471697311,5.0
GO:0018786,7.211001972690674,5.0
GO:0018787,33.066970773592665,5.0
GO:0018788,6.43172535384514,5.0
GO:0018799,25.950818869546293,5.0
GO:0018822,8360.218731452771,5.0
GO:0018823,114.63129299337652,5.0
GO:0018838,424.5140031513065,5.0
GO:0019107,20.985640565778397,5.0
GO:0019114,143.79033154194966,5.0
GO:0019116,6.7175144212722016,5.0
GO:0019137,68.26785859968483,5.0
GO:0019140,7.629536121454006,5.0
GO:0019146,105.11058462400445,5.0
GO:0019151,581.2417741353421,5.0
GO:0019152,491.74678927462736,5.0
GO:0019159,1.545595893714352,5.0
GO:0019164,37.97555604784289,5.0
GO:0019166,2.1637467504308354,5.0
GO:0019179,3.4789653634378137,5.0
GO:0019200,540.2384851194894,5.0
GO:0019201,296.1759208274696,5.0
GO:0019202,83.28155970579887,5.0
GO:0019205,176.27078368502305,5.0
GO:0019238,92.13713138788117,5.0
GO:0019807,39.66161703870633,5.0
GO:0019829,73.11683123564313,5.0
GO:0019874,4.06733240062118,5.0
GO:0019875,6.268553414047128,5.0
GO:0030059,37.323482509898064,5.0
GO:0030060,24518.040361950167,5.0
GO:0030266,65.59597155555373,5.0
GO:0030267,175534.645812247,5.0
GO:0030283,1.279681003470763,5.0
GO:0030339,0.12272021023450047,5.0
GO:0030340,1.7858807350996317,5.0
GO:0030341,385.0969728077705,5.0
GO:0030407,0.007581996219114506,5.0
GO:0030411,20.506096654409877,5.0
GO:0030429,3.9462578151518515,5.0
GO:0030570,1262.2467305261066,5.0
GO:0030586,3.217913920539205,5.0
GO:0030599,182.30088681444568,5.0
GO:0030600,829.4319859725894,5.0
GO:0030603,12.163122869957457,5.0
GO:0030604,11.660806937964194,5.0
GO:0031071,4.467855065788156,5.0
GO:0031132,18.635031526670407,5.0
GO:0031216,46981.80233310553,5.0
GO:0032115,444.06305858515185,5.0
GO:0032440,36.49697447358466,5.0
GO:0033201,88.66979944340314,5.0
GO:0033608,0.360555127546399,5.0
GO:0033708,33.534925646529764,5.0
GO:0033711,0.18257418583505533,5.0
GO:0033712,602.2295963058165,5.0
GO:0033713,27.055609010152708,5.0
GO:0033721,1.5606350688683814,5.0
GO:0033726,386.70195142783444,5.0
GO:0033729,0.8711913314536595,5.0
GO:0033730,40.57392430284916,5.0
GO:0033739,0.060661368816295816,5.0
GO:0033741,17.03742121610952,5.0
GO:0033743,0.7471122943059031,5.0
GO:0033745,6.37076800243372,5.0
GO:0033752,2.6772957808130453,5.0
GO:0033754,3.003335824928483,5.0
GO:0033755,1.4849242404917498,5.0
GO:0033758,3.2649770290156717,5.0
GO:0033767,5.10253509977584,5.0
GO:0033773,0.012727922061357857,5.0
GO:0033776,1.196203653244568,5.0
GO:0033784,0.43270082042908126,5.0
GO:0033809,3.604265150169625,5.0
GO:0033810,3.00165368439191,5.0
GO:0033815,0.012282116305929569,5.0
GO:0033817,0.011754431788336971,5.0
GO:0033818,2.3510245787195823,5.0
GO:0033852,15.563484465975693,5.0
GO:0033854,70.54927356110763,5.0
GO:0033857,16.596857136217086,5.0
GO:0033858,0.9664179766683284,5.0
GO:0033878,287.0263441258001,5.0
GO:0033904,1313.6198138403556,5.0
GO:0033916,16.91972015135002,5.0
GO:0033917,38.54730427236989,5.0
GO:0033925,112.1672731578939,5.0
GO:0033939,262.6813475087259,5.0
GO:0033942,470.3364108519451,5.0
GO:0033944,10.606601717798213,5.0
GO:0033951,604.2204183589832,5.0
GO:0033952,414.3638055300358,5.0
GO:0033961,23.634762507797706,5.0
GO:0033965,29.886234289384806,5.0
GO:0033968,5.972683536662081,5.0
GO:0033971,57.42113744084142,5.0
GO:0033980,3.5666504227489457,5.0
GO:0033982,15.976714980181972,5.0
GO:0033983,4.008009813693907,5.0
GO:0033984,3.32036323314182,5.0
GO:0033987,7.055472816662727,5.0
GO:0033988,29.48471759112798,5.0
GO:0033999,174.9059937985736,5.0
GO:0034004,2.974688579078489,5.0
GO:0034007,0.02121320343559643,5.0
GO:0034013,139.3008435006766,5.0
GO:0034016,15.719738865515547,5.0
GO:0034068,0.13562026818605374,5.0
GO:0034071,2.691072173770976,5.0
GO:0034338,590.4060601094416,5.0
GO:0034899,0.02616295090390228,5.0
GO:0035250,821.1947518230484,5.0
GO:0035251,92.2129662053368,5.0
GO:0035299,0.22015175248196214,5.0
GO:0035527,81.16878741240379,5.0
GO:0035671,0.42800642089411145,5.0
GO:0036131,0.7463337256214541,5.0
GO:0036132,46.10922033862566,5.0
GO:0036137,215.32834723967898,5.0
GO:0036199,1.7324116139070413,5.0
GO:0036200,2.363136157736155,5.0
GO:0036209,2.1213203435596424,5.0
GO:0036361,25.227471287895845,5.0
GO:0036381,0.030379496159879026,5.0
GO:0036383,0.08691777723803111,5.0
GO:0036440,117.89237809332714,5.0
GO:0042083,10.006669105044972,5.0
GO:0042084,0.010606601717798215,5.0
GO:0042085,0.06726440366196672,5.0
GO:0042279,805.2529840045,5.0
GO:0042286,0.40653689869432513,5.0
GO:0042586,316.9766489584504,5.0
GO:0042602,25.791414923611786,5.0
GO:0042625,74.3257245171549,5.0
GO:0042736,5.609493441182249,5.0
GO:0042972,1401.2004213393614,5.0
GO:0043722,34.18942331579559,5.0
GO:0043733,0.006822254231557191,5.0
GO:0043752,0.042426406871192854,5.0
GO:0043758,86.67864968773056,5.0
GO:0043764,7.777690728012144,5.0
GO:0043799,1.1094835654714683,5.0
GO:0043807,4.529153016906512,5.0
GO:0043825,0.8736894948054106,5.0
GO:0043843,40.862861638077085,5.0
GO:0043844,38.554435412682054,5.0
GO:0043866,0.9192388155425116,5.0
GO:0043884,0.081891371950896,5.0
GO:0043885,4096.036671720719,5.0
GO:0043891,106.32526214804142,5.0
GO:0043892,1.1152014552152834,5.0
GO:0043895,293.2028207019365,5.0
GO:0043897,144.11285944150433,5.0
GO:0043957,28.24299323136035,5.0
GO:0045135,165.73347097799393,5.0
GO:0045181,17.910275029947243,5.0
GO:0045300,0.2728412792380398,5.0
GO:0045302,117.24748501157055,5.0
GO:0045303,94.4654945822371,5.0
GO:0045431,2.3914063214862598,5.0
GO:0045442,0.10784679825539277,5.0
GO:0045480,628.9714666564363,5.0
GO:0045484,0.21731037711071227,5.0
GO:0045548,17.758592318830942,5.0
GO:0045551,1220.4320886391913,5.0
GO:0045552,24.632011692105053,5.0
GO:0046316,0.141421356237309,5.0
GO:0046405,262.6937380296683,5.0
GO:0046421,44.47635690801938,5.0
GO:0046526,527.1720709601449,5.0
GO:0046527,130.8973220434632,5.0
GO:0046554,432.67717580533264,5.0
GO:0046555,71.50517929959106,5.0
GO:0046556,16841.45188454702,5.0
GO:0046558,125.70983520260724,5.0
GO:0046559,75.15557849494215,5.0
GO:0046564,24.55170069450229,5.0
GO:0046573,93.96645740101235,5.0
GO:0046593,580.4592083859123,5.0
GO:0046820,0.5386207829658741,5.0
GO:0046873,53.541747263233766,5.0
GO:0047001,0.002121320343559642,5.0
GO:0047004,8.264810947626085,5.0
GO:0047006,1.250148166136751,5.0
GO:0047022,1.9240582111776148,5.0
GO:0047023,1.005381522332887,5.0
GO:0047035,0.20759058863889904,5.0
GO:0047037,6.641430659324419,5.0
GO:0047038,85.7169858701685,5.0
GO:0047039,7.591319604214628,5.0
GO:0047040,1.4804710211430836,5.0
GO:0047044,2.6804996300441206,5.0
GO:0047046,84.17396588320602,5.0
GO:0047068,344.36100243784864,5.0
GO:0047070,15.147717099726064,5.0
GO:0047077,0.2815793876399005,5.0
GO:0047078,18.896841856473564,5.0
GO:0047086,0.9954898291795854,5.0
GO:0047091,0.20357100863225971,5.0
GO:0047094,10.144785195688799,5.0
GO:0047102,51289.89504116121,5.0
GO:0047111,94.15603623772616,5.0
GO:0047112,5.91227536571158,5.0
GO:0047115,624.0448599396705,5.0
GO:0047134,1.6599001360523669,5.0
GO:0047135,18.17264427649427,5.0
GO:0047153,7.330097408174964,5.0
GO:0047181,4.301255004588777,5.0
GO:0047280,0.013367527154347667,5.0
GO:0047299,9.653654407183497,5.0
GO:0047300,9.972233119582812,5.0
GO:0047304,4.5093813322893865,5.0
GO:0047330,81.08170746132079,5.0
GO:0047355,0.051233940573282746,5.0
GO:0047372,0.6529598712069474,5.0
GO:0047403,94.23621384584591,5.0
GO:0047411,176.76525478724602,5.0
GO:0047417,5.757532718668296,5.0
GO:0047418,1.5502687938977981,5.0
GO:0047420,461.8133593270055,5.0
GO:0047432,6.031504612331108,5.0
GO:0047433,10.923986231655272,5.0
GO:0047434,7.035478682397963,5.0
GO:0047436,761.7161531638131,5.0
GO:0047437,39.245384866673604,5.0
GO:0047439,4.384062043356595,5.0
GO:0047443,7.029432304065237,5.0
GO:0047453,0.051639777949432225,5.0
GO:0047457,129.43673955724287,5.0
GO:0047473,0.09536028173895741,5.0
GO:0047486,179.00205037248128,5.0
GO:0047488,34.18805346901166,5.0
GO:0047490,35.67886286524758,5.0
GO:0047491,239.11890203208367,5.0
GO:0047492,2582.4067975953494,5.0
GO:0047500,0.43123136867966055,5.0
GO:0047501,0.40703808175648626,5.0
GO:0047503,0.3744837513163956,5.0
GO:0047504,0.7254653678846427,5.0
GO:0047512,536.1264620715277,5.0
GO:0047516,108.27859872085702,5.0
GO:0047526,0.0780332335022042,5.0
GO:0047529,14.748566684237147,5.0
GO:0047533,36.688944729181145,5.0
GO:0047536,7.504035665805715,5.0
GO:0047540,3409.4160164486625,5.0
GO:0047543,0.6397025350374449,5.0
GO:0047544,6.189432599091197,5.0
GO:0047554,103.07034625104725,5.0
GO:0047565,12.861597101448949,5.0
GO:0047584,46.11707828007872,5.0
GO:0047585,7.636753236814712,5.0
GO:0047601,1882.8726468383525,5.0
GO:0047602,579.767424633936,5.0
GO:0047605,36.76267989868711,5.0
GO:0047632,16.231562143629304,5.0
GO:0047635,55.60862872835131,5.0
GO:0047639,98.69500629042314,5.0
GO:0047640,210.28336050555032,5.0
GO:0047641,0.3277008836830726,5.0
GO:0047646,0.049988050470979234,5.0
GO:0047655,0.3535533905932738,5.0
GO:0047658,2146.58070178516,5.0
GO:0047669,48.638162374747544,5.0
GO:0047677,58.36615548466942,5.0
GO:0047680,429.4177946353921,5.0
GO:0047681,118.90712092704986,5.0
GO:0047682,61.44747738995372,5.0
GO:0047686,27.975507740402737,5.0
GO:0047688,154.79203620413494,5.0
GO:0047695,24.128171426990825,5.0
GO:0047698,139.23122255203154,5.0
GO:0047705,282.3364812688484,5.0
GO:0047725,125.6388730790412,5.0
GO:0047728,3.473647019454272,5.0
GO:0047733,0.9832090316916338,5.0
GO:0047736,48.62355451150536,5.0
GO:0047746,169.83795447466602,5.0
GO:0047769,2.0874920332808435,5.0
GO:0047789,467.8991754564835,5.0
GO:0047798,540.507655096388,5.0
GO:0047806,161.40711976378105,5.0
GO:0047808,8.03457651572253,5.0
GO:0047810,121.82366685525686,5.0
GO:0047813,342.06798593262124,5.0
GO:0047828,14538.455431994356,5.0
GO:0047830,247.46241680977198,5.0
GO:0047831,2.9876433777110933,5.0
GO:0047837,111.04629135685114,5.0
GO:0047838,4.412608198232777,5.0
GO:0047849,255.36053594090384,5.0
GO:0047850,30220.30421199686,5.0
GO:0047863,1.205697470346521,5.0
GO:0047865,0.12439017914074514,5.0
GO:0047866,6.1786767839077,5.0
GO:0047876,38.77371440627033,5.0
GO:0047889,714.177848998413,5.0
GO:0047899,2.2273018056234166,5.0
GO:0047905,11.062017947527863,5.0
GO:0047910,22.471853506108488,5.0
GO:0047911,951.8378223821588,5.0
GO:0047918,0.049025503567021116,5.0
GO:0047922,50.91884784088424,5.0
GO:0047924,0.40000000000000036,5.0
GO:0047936,65624.51305433612,5.0
GO:0047938,1063.4885989045674,5.0
GO:0047950,1078305.1244690495,5.0
GO:0047956,27.43106511481706,5.0
GO:0047958,50.55775904843885,5.0
GO:0047962,1.740658400337834,5.0
GO:0047964,4.942397721561393,5.0
GO:0047970,4.313351365237941,5.0
GO:0047971,648.62905038242,5.0
GO:0047972,30.8,5.0
GO:0047973,0.9192388155425123,5.0
GO:0047979,611.2835859352567,5.0
GO:0047980,31.392079726004287,5.0
GO:0047985,107.20722405178155,5.0
GO:0047987,280.76640795033387,5.0
GO:0047989,837.0830305292301,5.0
GO:0047995,57.953789062206,5.0
GO:0048000,0.05091168824543143,5.0
GO:0048001,83.29863751886941,5.0
GO:0048040,1.2788406207707566,5.0
GO:0048307,60.00149760035757,5.0
GO:0050018,1.6142154957336605,5.0
GO:0050019,534.5932077967635,5.0
GO:0050023,7.744029958619737,5.0
GO:0050024,0.08768124086713187,5.0
GO:0050032,16.075145411472953,5.0
GO:0050034,954.5941546018391,5.0
GO:0050038,20.644046177151868,5.0
GO:0050043,7.092281015301071,5.0
GO:0050049,68.29970271035285,5.0
GO:0050053,867.755005970498,5.0
GO:0050060,2685.8480789749324,5.0
GO:0050066,58.63117297564496,5.0
GO:0050080,58.33730915223816,5.0
GO:0050083,4.14342853202514,5.0
GO:0050086,42.51710985760114,5.0
GO:0050092,9.109656662026293,5.0
GO:0050095,36.05551275463989,5.0
GO:0050096,122.96082237681777,5.0
GO:0050100,1214.8094500784887,5.0
GO:0050104,4.714280910170713,5.0
GO:0050109,0.2642896138708444,5.0
GO:0050110,34.97439226470868,5.0
GO:0050120,195.86857838867365,5.0
GO:0050135,16.45381923536065,5.0
GO:0050136,380.5581256474504,5.0
GO:0050143,0.16970562748477142,5.0
GO:0050144,524.1182720793591,5.0
GO:0050145,268.12718530577985,5.0
GO:0050146,29.729446681699276,5.0
GO:0050149,8.524998885630424,5.0
GO:0050151,4.944294579501598,5.0
GO:0050152,46.01040192950161,5.0
GO:0050162,40.82723764024862,5.0
GO:0050163,19.833946489121455,5.0
GO:0050172,8.48528137423857,5.0
GO:0050175,130.38211053156854,5.0
GO:0050177,5.115137375595315,5.0
GO:0050178,146.3539063034609,5.0
GO:0050179,2130.8270257575814,5.0
GO:0050180,24.37895267096873,5.0
GO:0050188,46.95780543504042,5.0
GO:0050201,11.518533977898404,5.0
GO:0050215,151.426633208957,5.0
GO:0050232,10.260592043863173,5.0
GO:0050233,97.0128309542701,5.0
GO:0050235,51.95465972043958,5.0
GO:0050237,11.007724560507498,5.0
GO:0050242,36.988881509950296,5.0
GO:0050248,2.028913864115478,5.0
GO:0050255,137.59693552789128,5.0
GO:0050263,20.953103862024907,5.0
GO:0050281,7.152354856968437,5.0
GO:0050282,4.089009660052175,5.0
GO:0050294,0.021213203435596427,5.0
GO:0050304,77.48189035725274,5.0
GO:0050305,18.916664560520125,5.0
GO:0050310,1644.3238774363826,5.0
GO:0050311,75.57612592611505,5.0
GO:0050318,522.9499171526294,5.0
GO:0050324,29.891891877229853,5.0
GO:0050338,91317.51859465802,5.0
GO:0050341,5.4394983096891485,5.0
GO:0050343,79.42139072033785,5.0
GO:0050345,165.25085476329616,5.0
GO:0050350,0.00668693595752195,5.0
GO:0050354,1.6091850758030088,5.0
GO:0050356,9.255103096850588,5.0
GO:0050357,1316.6328265693514,5.0
GO:0050358,48.55702266408022,5.0
GO:0050361,4.229225254918152,5.0
GO:0050368,3653.003191593342,5.0
GO:0050373,8.163005982275566,5.0
GO:0050378,14.314572993980644,5.0
GO:0050388,76.18781777642141,5.0
GO:0050391,86.52390145023878,5.0
GO:0050415,97.10449268700187,5.0
GO:0050416,11.101045718509786,5.0
GO:0050421,258.56663652192566,5.0
GO:0050423,2.3546655813512034,5.0
GO:0050440,9.226346075492827,5.0
GO:0050446,543.8256345248441,5.0
GO:0050451,6.777643922695935,5.0
GO:0050454,3201.4953779073153,5.0
GO:0050464,550.8607809601261,5.0
GO:0050468,30.18121083065664,5.0
GO:0050470,11.829313800893102,5.0
GO:0050473,16.759009539873645,5.0
GO:0050474,2.5915246477701115,5.0
GO:0050490,67.29835987162728,5.0
GO:0050492,12.316476433293902,5.0
GO:0050501,55.02148065377133,5.0
GO:0050525,8687.816482022066,5.0
GO:0050535,21.887388301637696,5.0
GO:0050537,44.30425124667528,5.0
GO:0050538,180.72681092235874,5.0
GO:0050539,1193.4756735762453,5.0
GO:0050548,1.4793100869436853,5.0
GO:0050549,0.0773132157741051,5.0
GO:0050553,6.73711956254303e-05,5.0
GO:0050554,0.7831028029575683,5.0
GO:0050560,1.766581369010025,5.0
GO:0050561,0.036831749866308085,5.0
GO:0050571,317.42209662603926,5.0
GO:0050574,13.067045041072335,5.0
GO:0050575,12.633042384327322,5.0
GO:0050577,0.38188130791298663,5.0
GO:0050580,22.933706971206735,5.0
GO:0050582,4.540282287207753,5.0
GO:0050584,11.363538181394032,5.0
GO:0050585,1.5705001808920043,5.0
GO:0050586,41.70414390738191,5.0
GO:0050587,70223.21505762765,5.0
GO:0050591,0.08607610847383843,5.0
GO:0050599,0.1506114469178629,5.0
GO:0050609,1.8931196242543713,5.0
GO:0050611,10163.245765994248,5.0
GO:0050621,0.19749773958923467,5.0
GO:0050626,48.86556407402586,5.0
GO:0050627,54.810648455011226,5.0
GO:0050628,0.10019481024484252,5.0
GO:0050635,0.040417611672800925,5.0
GO:0050636,0.28343235524548005,5.0
GO:0050637,1.4758465085050907,5.0
GO:0050641,0.007424621202458748,5.0
GO:0050695,199.78011980627932,5.0
GO:0050738,9136.24012728066,5.0
GO:0051060,1417.822009923757,5.0
GO:0051669,1752.5200918261805,5.0
GO:0051670,190.03650565412298,5.0
GO:0051675,127.0246621723514,5.0
GO:0051731,52.73538011937183,5.0
GO:0051903,11832.493083299763,5.0
GO:0052597,6717.851865674991,5.0
GO:0052621,20.35610027816924,5.0
GO:0052664,4.215963776231955,5.0
GO:0052680,0.03446438451503233,5.0
GO:0052716,11949.013245604563,5.0
GO:0052733,64.25345409906619,5.0
GO:0052736,1834.3944944401817,5.0
GO:0052737,447.4807258419071,5.0
GO:0052748,208.23773032809027,5.0
GO:0052761,44.35159267715196,5.0
GO:0052851,0.7233486941533338,5.0
GO:0052873,11.53221574546713,5.0
GO:0052876,19.09992213622234,5.0
GO:0052878,4.529569515969481,5.0
GO:0052881,212.0801247084067,5.0
GO:0052883,8.171191088790167,5.0
GO:0052884,0.00020859650045003153,5.0
GO:0052891,31.360261301349023,5.0
GO:0052893,19.819562004492536,5.0
GO:0052894,138.468527881408,5.0
GO:0052899,10.167474957655193,5.0
GO:0052901,87.34564700154606,5.0
GO:0052902,10.396262007356484,5.0
GO:0052930,1.4951714877490734,5.0
GO:0061634,65.13664002651998,5.0
GO:0061677,14.527390222151627,5.0
GO:0061731,5.090881668892597,5.0
GO:0070008,65.4012293998682,5.0
GO:0070330,72.27407494307263,5.0
GO:0070524,0.14343774706500573,5.0
GO:0070546,321.0029788015241,5.0
GO:0070547,140.09134788797687,5.0
GO:0070548,306.6650400373243,5.0
GO:0070566,71.51527310173236,5.0
GO:0070567,14.69527556825662,5.0
GO:0070568,30.2063411614238,5.0
GO:0070569,154.31788381807976,5.0
GO:0097599,1990.271885887664,5.0
GO:0099618,0.024748737341529183,5.0
GO:0102036,23.274442768239258,5.0
GO:0102043,67.68026705185606,5.0
GO:0102069,1.7790446874657195,5.0
GO:0102077,3.910367971592214,5.0
GO:0102078,28.351245499389734,5.0
GO:0102082,0.023038238744410227,5.0
GO:0102084,2.5385919909869914,5.0
GO:0102097,0.017571090524558294,5.0
GO:0102099,16.541079065969868,5.0
GO:0102100,0.19732376102909316,5.0
GO:0102103,1.569022458677164,5.0
GO:0102106,0.04020115483415868,5.0
GO:0102117,0.011313708498984762,5.0
GO:0102118,0.0002121320343559642,5.0
GO:0102127,31.100589490661854,5.0
GO:0102139,648.9616697656342,5.0
GO:0102162,397.5701196015616,5.0
GO:0102164,0.8159131606453506,5.0
GO:0102165,11.438504054289616,5.0
GO:0102166,13.490236471882925,5.0
GO:0102170,0.20490824504857993,5.0
GO:0102202,239.6184247580409,5.0
GO:0102209,85.46560698956766,5.0
GO:0102229,1601.7039272658517,5.0
GO:0102261,55.20113812232498,5.0
GO:0102276,0.17540952083624195,5.0
GO:0102296,0.13537109489596857,5.0
GO:0102303,0.016970562748477136,5.0
GO:0102306,1.3228378585450298,5.0
GO:0102313,0.032609855128705366,5.0
GO:0102317,562.8569978244918,5.0
GO:0102318,0.028284271247461926,5.0
GO:0102360,2.0304059504129395,5.0
GO:0102443,74257.58813590027,5.0
GO:0102457,0.04949747468305833,5.0
GO:0102458,0.03214550253664318,5.0
GO:0102480,354.2366713506768,5.0
GO:0102483,4536.075908071848,5.0
GO:0102490,796.7234675321932,5.0
GO:0102596,0.004509249752822895,5.0
GO:0102598,0.003774917217635374,5.0
GO:0102698,0.04247940677551889,5.0
GO:0102778,0.3914115481178347,5.0
GO:0102779,0.1131370849898476,5.0
GO:0102802,0.005839805932848568,5.0
GO:0102803,0.003308070938376825,5.0
GO:0102867,0.23122391744800105,5.0
GO:0102895,275.77164466275354,5.0
GO:0102917,0.0404145188432738,5.0
GO:0102921,1.4266135567734677,5.0
GO:0102970,0.13788582233137678,5.0
GO:0102971,323.9484819123765,5.0
GO:0102978,1.03029445629231,5.0
GO:0102986,0.5522227811309489,5.0
GO:0102991,55.40030478406696,5.0
GO:0102995,1.6338910612400082,5.0
GO:0102998,27.08218971944477,5.0
GO:0103007,0.0021213203435596394,5.0
GO:0103053,0.05118142122672913,5.0
GO:0103117,0.8558096555000174,5.0
GO:0106130,82.96086397122983,5.0
GO:0000121,289.9699942820439,6.0
GO:0000175,3.388684110388574,6.0
GO:0000234,2.54339522996984,6.0
GO:0000309,14.735046200049263,6.0
GO:0000310,30.36941439668142,6.0
GO:0000810,39.43534518677376,6.0
GO:0003825,2.0992061991778384,6.0
GO:0003831,2.5912949988884644,6.0
GO:0003838,0.004376623972690975,6.0
GO:0003843,0.35954796790553556,6.0
GO:0003860,111.30887954995625,6.0
GO:0003871,0.06726440366196672,6.0
GO:0003872,87.46203196539439,6.0
GO:0003873,2670.01104586363,6.0
GO:0003877,38.17369076558706,6.0
GO:0003919,0.17713932023169082,6.0
GO:0003933,105.05840810358745,6.0
GO:0003937,3.065438574748409,6.0
GO:0003944,5.826559876977152,6.0
GO:0003945,2.4769950544964763,6.0
GO:0003957,64.77098115668775,6.0
GO:0003977,71.23595935579151,6.0
GO:0003986,3.7264527368531053,6.0
GO:0003988,9.475230867899738,6.0
GO:0003990,2403.173510270309,6.0
GO:0003993,3964.6128216417414,6.0
GO:0003999,222.0903860653564,6.0
GO:0004017,302.7860114875915,6.0
GO:0004021,55.60862872835131,6.0
GO:0004035,3907.001826748565,6.0
GO:0004063,3640.8118152627285,6.0
GO:0004105,12.140974799863027,6.0
GO:0004108,117.89237809332714,6.0
GO:0004112,458.9159157414038,6.0
GO:0004127,94.19406402939804,6.0
GO:0004177,460.53298741783965,6.0
GO:0004185,65.4012293998682,6.0
GO:0004306,1.5028309914587497,6.0
GO:0004308,81.03207467485865,6.0
GO:0004309,282.05291314130307,6.0
GO:0004310,1.2383887919389451,6.0
GO:0004313,1.902857871203207,6.0
GO:0004314,322.79882443213995,6.0
GO:0004315,120.17662501285099,6.0
GO:0004320,5.117488404228414,6.0
GO:0004339,425.46273920186775,6.0
GO:0004340,174.32243318640542,6.0
GO:0004352,115.82869579100579,6.0
GO:0004354,6202.507334998198,6.0
GO:0004355,12.519044691988283,6.0
GO:0004360,8.013326904967569,6.0
GO:0004365,78.95680464942087,6.0
GO:0004366,0.041407411172397636,6.0
GO:0004379,20.985640565778397,6.0
GO:0004381,2.4418807768226913,6.0
GO:0004385,490.1725669992115,6.0
GO:0004401,600.0901683545621,6.0
GO:0004422,16.60820463936088,6.0
GO:0004427,1241.2493069850473,6.0
GO:0004449,41.63480488788135,6.0
GO:0004450,52.52746614281029,6.0
GO:0004477,27.853891751679615,6.0
GO:0004515,2.014748822603408,6.0
GO:0004522,788.4229296675088,6.0
GO:0004523,1.1687301949287983,6.0
GO:0004528,41.589377578211526,6.0
GO:0004530,286.18927061870164,6.0
GO:0004531,5.915908777750606e-07,6.0
GO:0004533,1.0530625012962733,6.0
GO:0004551,162180.30265747622,6.0
GO:0004555,258.20307299038757,6.0
GO:0004556,719.1825402870035,6.0
GO:0004557,1271.1950956349526,6.0
GO:0004559,34.104509122169,6.0
GO:0004560,188.32768652762434,6.0
GO:0004561,3.5057362517261144,6.0
GO:0004563,7525.32518874423,6.0
GO:0004565,242489.71750029878,6.0
GO:0004567,124.22618988729491,6.0
GO:0004575,778074.3434740129,6.0
GO:0004582,23.472789529640284,6.0
GO:0004595,2.3713816129468177,6.0
GO:0004603,0.02110827431061797,6.0
GO:0004605,3.1483487735636912,6.0
GO:0004612,21.83028630961556,6.0
GO:0004613,10.341804003794987,6.0
GO:0004629,368.01698812838987,6.0
GO:0004630,48.782096847462036,6.0
GO:0004635,4.760366757579364,6.0
GO:0004647,242.25769807331588,6.0
GO:0004652,9.176551871431972,6.0
GO:0004671,0.37634204300520735,6.0
GO:0004689,45.0694579788143,6.0
GO:0004748,5.090881668892597,6.0
GO:0004767,176.28493979917855,6.0
GO:0004768,0.2565790229173136,6.0
GO:0004779,65.04550727869571,6.0
GO:0004798,6.479744258232792,6.0
GO:0004799,11.395138644145504,6.0
GO:0004838,140.09134788797687,6.0
GO:0005388,53.89635933459522,6.0
GO:0008080,239.54588261907867,6.0
GO:0008106,1710.2195989143052,6.0
GO:0008108,264.6941216833149,6.0
GO:0008112,0.39513676957057114,6.0
GO:0008126,590.4060601094416,6.0
GO:0008137,380.5581256474504,6.0
GO:0008192,0.00524944441504686,6.0
GO:0008195,99.2656368874278,6.0
GO:0008242,42.43492077493861,6.0
GO:0008252,93.6059183697599,6.0
GO:0008408,57133.93800609275,6.0
GO:0008422,4536.075908071848,6.0
GO:0008445,116.71172977339906,6.0
GO:0008456,1.7776388834631167,6.0
GO:0008466,0.006806859285554046,6.0
GO:0008486,0.25170674546838373,6.0
GO:0008556,3.8183766184073558,6.0
GO:0008564,134.76255815238045,6.0
GO:0008668,1.9953713104749866,6.0
GO:0008690,6.469415223444336,6.0
GO:0008705,0.010606601717798215,6.0
GO:0008707,93228.58487671832,6.0
GO:0008725,0.006822254231557191,6.0
GO:0008734,5.733214286692203,6.0
GO:0008750,23.888080025209558,6.0
GO:0008768,578.6183673199461,6.0
GO:0008780,1.761315796026747,6.0
GO:0008781,9.29106324085923,6.0
GO:0008802,64.50963836254756,6.0
GO:0008820,2.1819763785766946,6.0
GO:0008821,0.4044168842497278,6.0
GO:0008825,28.691152773109767,6.0
GO:0008833,0.1354897044059068,6.0
GO:0008852,34.31259403033978,6.0
GO:0008854,347.63949118783,6.0
GO:0008865,4995.712835021644,6.0
GO:0008878,88.62672149995124,6.0
GO:0008889,1.667645582214275,6.0
GO:0008894,0.7615540033379118,6.0
GO:0008904,2.3099422792211355,6.0
GO:0008905,91.64124230752586,6.0
GO:0008908,67.3492381000178,6.0
GO:0008910,0.8064893055707558,6.0
GO:0008911,714.2048830056335,6.0
GO:0008930,4.37948005772576,6.0
GO:0008957,28.809700237555017,6.0
GO:0008959,860.3658966433757,6.0
GO:0008964,149.63055218518184,6.0
GO:0008967,107.09807636883475,6.0
GO:0008988,0.35284044750284754,6.0
GO:0009011,88.66979944340314,6.0
GO:0009012,0.13562026818605374,6.0
GO:0009018,80.67978916881228,6.0
GO:0009019,0.10860094608333798,6.0
GO:0009036,788.6566457378468,6.0
GO:0009041,189.60786225410442,6.0
GO:0009044,75.64793413593898,6.0
GO:0010334,62.54290770180877,6.0
GO:0015038,14478.016916822415,6.0
GO:0015078,440.8565802076782,6.0
GO:0015662,74.3257245171549,6.0
GO:0016040,22.647663602823727,6.0
GO:0016157,19.645320901765217,6.0
GO:0016158,81832.07395035049,6.0
GO:0016161,1601.7039272658517,6.0
GO:0016206,2.5385919909869914,6.0
GO:0016212,215.32834723967898,6.0
GO:0016291,55.40030478406696,6.0
GO:0016309,0.005804281038406049,6.0
GO:0016406,36.38923115373558,6.0
GO:0016412,61.15598742113928,6.0
GO:0016413,336.83954275381666,6.0
GO:0016418,1.6550850301553828,6.0
GO:0016453,999920.3712055543,6.0
GO:0016454,0.4767522521461965,6.0
GO:0016749,0.2607163920391105,6.0
GO:0016750,26.485675698965455,6.0
GO:0016762,0.06094787461429644,6.0
GO:0016805,6905.016234843949,6.0
GO:0016905,31.823271379639742,6.0
GO:0016906,239.6184247580409,6.0
GO:0016983,2986.050690556597,6.0
GO:0016996,1.488279767606436,6.0
GO:0017060,10.880010014253498,6.0
GO:0017061,19.011453320548842,6.0
GO:0017110,221.39632637723088,6.0
GO:0017111,1124.8188175304285,6.0
GO:0017174,16.23453151806701,6.0
GO:0018477,8.96504322354332,6.0
GO:0018479,168.00393207852653,6.0
GO:0018576,13.680610648404867,6.0
GO:0018577,203.30343825210684,6.0
GO:0018708,0.02157791815722731,6.0
GO:0018739,15.99988678843761,6.0
GO:0018744,0.23655020608741814,6.0
GO:0018762,3.261327123122808,6.0
GO:0019143,0.6994762326198082,6.0
GO:0019145,5.232590180780452,6.0
GO:0019203,11.046036852926651,6.0
GO:0019206,5.585369736824042,6.0
GO:0019783,6.568304631943656,6.0
GO:0030270,565.685424949238,6.0
GO:0030409,0.007581996219114506,6.0
GO:0030523,1.1570956923370685,6.0
GO:0030696,0.11635710549854703,6.0
GO:0030731,1.4634298366053176,6.0
GO:0030733,581.2509699715425,6.0
GO:0030735,0.030824387376602588,6.0
GO:0030748,0.9633037848586897,6.0
GO:0030750,1.3213296261540421,6.0
GO:0030755,1.1231911383790976,6.0
GO:0030757,0.003785938897200181,6.0
GO:0030785,0.00013293607486307093,6.0
GO:0030795,28.351245499389734,6.0
GO:0030796,0.005129267274012474,6.0
GO:0030797,0.009287087810503355,6.0
GO:0031127,0.0541114986459836,6.0
GO:0031176,2172.1669657366137,6.0
GO:0032041,0.41734541671994296,6.0
GO:0033831,18.445493458204545,6.0
GO:0033834,13.32620940638624,6.0
GO:0033883,9.937184208818914,6.0
GO:0033885,0.6774165700988163,6.0
GO:0033892,0.006304493106771816,6.0
GO:0033897,5.450014945415913,6.0
GO:0033898,0.12875632208241455,6.0
GO:0033899,85.79312350361896,6.0
GO:0033902,0.26469122913054066,6.0
GO:0033905,5216.655151003416,6.0
GO:0033920,108.48805966975854,6.0
GO:0033929,4.068290386226955,6.0
GO:0033943,53.41164042915489,6.0
GO:0033946,149.1908487137716,6.0
GO:0033950,34.519338955211204,6.0
GO:0034000,153.49139448782847,6.0
GO:0034001,185.27547945141052,6.0
GO:0034009,0.14142135623730948,6.0
GO:0034318,682.838132681973,6.0
GO:0042409,1.2122581079264159,6.0
GO:0042626,3.051694127423075,6.0
GO:0043737,0.004486670903910828,6.0
GO:0043822,0.03537655226276297,6.0
GO:0043896,270.8803574402206,6.0
GO:0045127,23.893759353348194,6.0
GO:0045437,7.946564534973382,6.0
GO:0046406,0.057958502396110965,6.0
GO:0046562,611.2835859352567,6.0
GO:0046568,33.9202756474649,6.0
GO:0046920,1.9003152516242026,6.0
GO:0047026,195.48038185995227,6.0
GO:0047042,45.064996658092326,6.0
GO:0047100,119.59207588876706,6.0
GO:0047146,1.1017083703654673,6.0
GO:0047148,0.2433649408809741,6.0
GO:0047150,20.398714523370174,6.0
GO:0047213,0.6248227178888425,6.0
GO:0047215,0.8509357594240982,6.0
GO:0047276,1.7063162867934774,6.0
GO:0047316,449.37972121106463,6.0
GO:0047334,151.61047123027706,6.0
GO:0047341,1.085503684931562,6.0
GO:0047348,9.823513787682165,6.0
GO:0047349,28.558567891265135,6.0
GO:0047351,0.28284271247461906,6.0
GO:0047389,56.36445359249291,6.0
GO:0047390,27.8262466028029,6.0
GO:0047427,13.717164448237835,6.0
GO:0047428,9.660106969732098,6.0
GO:0047429,12.343205119397899,6.0
GO:0047617,38.271398564016195,6.0
GO:0047624,482.95393155041194,6.0
GO:0047631,24.876919608476374,6.0
GO:0047656,89.00364694817836,6.0
GO:0047661,25.227471287895845,6.0
GO:0047724,18.563831321506164,6.0
GO:0047738,30.215069138937256,6.0
GO:0047763,0.9779061531887631,6.0
GO:0047787,0.42800642089411145,6.0
GO:0047792,4.226038333948238,6.0
GO:0047862,840.2574009116347,6.0
GO:0047893,2.0304059504129395,6.0
GO:0047915,0.5111751167652824,6.0
GO:0047935,4.578322194925807,6.0
GO:0047961,5.046067304158283,6.0
GO:0050004,2.5824488003443555,6.0
GO:0050025,23.011794077530478,6.0
GO:0050045,8.398561384745207,6.0
GO:0050061,0.5396146111545058,6.0
GO:0050081,40.23019960179169,6.0
GO:0050082,18.159845814323425,6.0
GO:0050102,6.628900094400161,6.0
GO:0050112,29.731196018099688,6.0
GO:0050141,4.215963776231955,6.0
GO:0050275,5.748060542478654,6.0
GO:0050278,34.318332127304785,6.0
GO:0050290,0.04829415078454119,6.0
GO:0050306,9136.24012728066,6.0
GO:0050355,2356.1686532735916,6.0
GO:0050380,127.23965576816057,6.0
GO:0050403,0.22605309110914631,6.0
GO:0050449,0.09662642840686324,6.0
GO:0050500,26.009518137909318,6.0
GO:0050502,0.3827923719198177,6.0
GO:0050505,1.0921904595811116,6.0
GO:0050511,3.5557473509128585,6.0
GO:0050518,20.822594639920872,6.0
GO:0050630,0.012133244276229943,6.0
GO:0050736,4.31335136523794,6.0
GO:0050797,0.04859114655788155,6.0
GO:0051118,26.11805888652524,6.0
GO:0051733,52.73538011937183,6.0
GO:0051748,91.23375213863069,6.0
GO:0052588,491.74678927462736,6.0
GO:0052654,291.4986586075146,6.0
GO:0052725,10.606601717798213,6.0
GO:0052729,0.9431993426630451,6.0
GO:0052731,1991423.3173808306,6.0
GO:0052745,71.63782231119667,6.0
GO:0052852,11.004838120964227,6.0
GO:0052861,2342.9924641311873,6.0
GO:0052866,7.693321779309637,6.0
GO:0052931,1.4951714877490734,6.0
GO:0061579,0.2168155898453799,6.0
GO:0061602,0.002262741699796952,6.0
GO:0061603,0.0016421530582338138,6.0
GO:0061809,16.45381923536065,6.0
GO:0061810,2318.079765105399,6.0
GO:0071111,1.6974196479518984,6.0
GO:0080047,16.793343390159375,6.0
GO:0080097,9.653654407183497,6.0
GO:0080109,8360.218731452771,6.0
GO:0080130,321.0029788015241,6.0
GO:0090599,466358.39949433866,6.0
GO:0098518,38.31742957001591,6.0
GO:0102007,93.96645740101235,6.0
GO:0103043,1.0858289080616788,6.0
GO:1990663,87.79598044226273,6.0
GO:0000210,562.1257913572991,7.0
GO:0003774,23.93745426468533,7.0
GO:0003870,0.2607163920391105,7.0
GO:0003934,0.02679934700697015,7.0
GO:0003935,107.09327110216628,7.0
GO:0003983,27.192254080121693,7.0
GO:0003985,1090985.4622436247,7.0
GO:0004002,20.81881169270094,7.0
GO:0004026,682.838132681973,7.0
GO:0004032,36.71871868590591,7.0
GO:0004042,0.39597979746446665,7.0
GO:0004059,36.11640176420854,7.0
GO:0004060,327.4960910929022,7.0
GO:0004092,36.70075140406785,7.0
GO:0004113,529.2557553618551,7.0
GO:0004114,176.68101991317099,7.0
GO:0004145,3.1106847776195976,7.0
GO:0004170,14.454604440119784,7.0
GO:0004338,5904.965190346629,7.0
GO:0004343,12.697377149982152,7.0
GO:0004414,24.803394400023905,7.0
GO:0004468,2.818192059256633,7.0
GO:0004475,91.64124230752586,7.0
GO:0004484,0.00524944441504686,7.0
GO:0004535,3.388684110388574,7.0
GO:0004558,258.662093203646,7.0
GO:0004569,2.8461838343287105,7.0
GO:0004574,133.80606267329625,7.0
GO:0004758,0.4767522521461965,7.0
GO:0004781,66.8088823509944,7.0
GO:0004805,6.983841214307975,7.0
GO:0004849,1.064671565366522,7.0
GO:0005391,3.8183766184073558,7.0
GO:0008107,0.0541114986459836,7.0
GO:0008253,180.63074274442513,7.0
GO:0008254,3.792139740242151,7.0
GO:0008441,5.569890689056966,7.0
GO:0008663,16.851558951465172,7.0
GO:0008706,74.60450420879073,7.0
GO:0008784,1602.512928319782,7.0
GO:0008796,36.20380750739202,7.0
GO:0008798,50.869187564424436,7.0
GO:0008811,11.313708498984761,7.0
GO:0008837,54.665469392478464,7.0
GO:0008861,4.587943439058507,7.0
GO:0008870,54.542130523684605,7.0
GO:0008881,84166.39112028448,7.0
GO:0008899,26.485675698965455,7.0
GO:0009001,61.15598742113928,7.0
GO:0009002,65.4012293998682,7.0
GO:0015418,0.13330166290535664,7.0
GO:0015924,3.8279755289186475,7.0
GO:0016290,55.40030478406696,7.0
GO:0016887,25.64081199714776,7.0
GO:0016985,7691.406686396385,7.0
GO:0017083,1.9003152516242026,7.0
GO:0017188,0.015151980068624695,7.0
GO:0018112,3.5658076814977795,7.0
GO:0018113,18.152798709840862,7.0
GO:0019134,723.9734222569531,7.0
GO:0019136,4.281537423465435,7.0
GO:0031217,1410.1669448232783,7.0
GO:0032428,3.5593023661011625,7.0
GO:0033862,189.60786225410442,7.0
GO:0033956,198.018164791562,7.0
GO:0034005,1.7900177946787756,7.0
GO:0034006,0.006176264602852152,7.0
GO:0034069,22.67042541647102,7.0
GO:0034212,2.3548728368134437,7.0
GO:0034480,368.01698812838987,7.0
GO:0034722,20.90588601327387,7.0
GO:0035529,162180.30265747622,7.0
GO:0036374,20.47590038720316,7.0
GO:0042973,149.8300925541415,7.0
GO:0045134,221.39632637723088,7.0
GO:0045148,460.53298741783965,7.0
GO:0045482,0.06714350303640704,7.0
GO:0045483,74.8506679486612,7.0
GO:0046030,232.63813101037414,7.0
GO:0046403,38.31742957001591,7.0
GO:0046404,52.73538011937183,7.0
GO:0047165,4.31335136523794,7.0
GO:0047180,0.7778174593052026,7.0
GO:0047461,0.015015547498065685,7.0
GO:0047462,0.09192388155425119,7.0
GO:0047580,3.381333104576147,7.0
GO:0047679,41.542464791492336,7.0
GO:0047689,12.796631501210692,7.0
GO:0047710,1.7381140278410327,7.0
GO:0047782,52.79861346032993,7.0
GO:0047840,2.3077824436138052,7.0
GO:0050133,0.0007610477560573974,7.0
GO:0050157,480.83261120685233,7.0
GO:0050208,1.0727949901584601,7.0
GO:0050308,13.588642043129834,7.0
GO:0050333,75.20278803518623,7.0
GO:0050339,8.103749749344436,7.0
GO:0050638,97.40442569228793,7.0
GO:0052577,2.974688579078489,7.0
GO:0052650,0.14314038992022884,7.0
GO:0052692,1271.1950956349526,7.0
GO:0052794,81.03207467485865,7.0
GO:0052834,53.393594201446874,7.0
GO:0052843,0.25170674546838373,7.0
GO:0052905,0.003994829992210766,7.0
GO:0052906,0.11439377825066822,7.0
GO:0052910,0.35284044750284754,7.0
GO:0102008,8654.771822210829,7.0
GO:0102009,2184.5529283919427,7.0
GO:1990817,1.3985410845589326,7.0
GO:0003777,23.93745426468533,8.0
GO:0004081,12.008880416114527,8.0
GO:0004136,1.979027847127443,8.0
GO:0004137,6764.09109431101,8.0
GO:0004138,0.934119600785375,8.0
GO:0004445,232.63813101037414,8.0
GO:0004571,2.467527439901463,8.0
GO:0004572,3.6737201284775294,8.0
GO:0004596,0.052915026221291815,8.0
GO:0004797,69.85906010054833,8.0
GO:0004810,1.3985410845589326,8.0
GO:0008803,108.75532840969217,8.0
GO:0008877,50.78634357178007,8.0
GO:0008934,53.393594201446874,8.0
GO:0042132,20.075666199330353,8.0
GO:0042623,20.81881169270094,8.0
GO:0046353,33.64349060193951,8.0
GO:0047555,1326.1503329887107,8.0
GO:0047663,2.217772529898658,8.0
GO:0061733,2.3846831194292255,8.0
GO:0004402,1.8153627282558018,9.0
GO:0008094,1.9237702123864375,9.0
GO:0019799,2.1906217221172084,9.0
GO:0052929,1.3985410845589326,9.0
GO:1990939,23.93745426468533,9.0
GO:0008569,15.826007766062228,10.0
GO:0008574,25.725609749486203,10.0
